{"type": "block", "layer": 1, "block": 0, "features": [{"geom": {"pts": [[485.11709570512176, 160.2996615045704, 244.2161407470703]], "r": 0}, "mtl": 0, "lbl": "Vị trí bắt đầu sạt lở", "lh": 500.0}], "featureCount": 1, "startIndex": 0}