{"type": "block", "layer": 2, "block": 0, "features": [{"geom": {"pts": [[350.67934676259756, 1444.3866517082788, 172.13450622558594]], "r": 0}, "mtl": 0, "lbl": "Làng Nủ", "lh": 1000.0}, {"geom": {"pts": [[-205.03868322633207, 1959.2611474879086, 158.96824645996094]], "r": 0}, "mtl": 0, "lbl": "Bản 1, Làng Nủ", "lh": 1000.0}, {"geom": {"pts": [[636.4921393748373, 698.7720072483644, 185.52520751953125]], "r": 0}, "mtl": 0, "lbl": "Bản 2, Làng Nủ", "lh": 1000.0}, {"geom": {"pts": [[624.0097285974771, 1223.1859206226654, 174.54470825195312]], "r": 0}, "mtl": 0, "lbl": "Vị trí nhà văn hóa", "lh": 1000.0}], "featureCount": 4, "startIndex": 0}